{
    "K_x_n0": 54.88513909303926,
    "Mg_x_n0": 0.6405401937956016,
    "NADHmito_n0": 0.3146584474671007,
    "QH2mito_n0": 0.0155067120830932,
    "CytCredmito_n0": 0.1318502545732708,
    "O2_n0": 0.0314865025158087,
    "ATPmito_n0": 0.7487433393982624,
    "ADPmito_n0": 1.8512566606017409,
    "ATP_mx_n0": 0.2084517745966104,
    "ADP_mx_n0": 1.129008031715835,
    "Pimito_n0": 17.22873019667985,
    "ATP_i_n0": 1.385172099080793,
    "ADP_i_n0": 0.0572067246036489,
    "ATP_mi_n0": 1.2787221400985913,
    "ADP_mi_n0": 0.0560549944512344,
    "Pi_i_n0": 19.999860977665755,
    "MitoMembrPotent_n0": 152.33918637408712,
    "ATP_n0": 1.3846374147608125,
    "FUMmito_n0": 0.0703303834778912,
    "MALmito_n0": 0.3877284278881228,
    "OXAmito_n0": 0.0113308326310003,
    "SUCmito_n0": 0.3913984292428137,
    "SUCCOAmito_n0": 0.0027652024434962,
    "CoAmito_n0": 0.0027278355391079,
    "AKGmito_n0": 0.0730279198447203,
    "ISOCITmito_n0": 0.0331278125743512,
    "CITmito_n0": 0.3414510962627293,
    "AcCoAmito_n0": 0.040486317761993,
    "AcAc_n0": 0.0008938613668892,
    "AcAcCoA_n0": 3.471725572540322e-5,
    "PYRmito_n0": 0.0459280204781883,
    "bHB_n0": 0.0020508302306412,
    "bHB_ecs0": 0.0028617229372728,
    "bHB_b0": 0.2981203841045341,
    "GLUmito_n0": 10.001887920296111,
    "GLU_n0": 10.000000420931526,
    "NADH_n0": 0.0041407804365102,
    "K_x_a0": 54.88513909303926,
    "Mg_x_a0": 0.6254020744170418,
    "NADHmito_a0": 0.3622495632039702,
    "QH2mito_a0": 0.0106589284924907,
    "CytCredmito_a0": 0.1075501448904177,
    "O2_a0": 0.0390586574723978,
    "ATPmito_a0": 0.8554395319513812,
    "ADPmito_a0": 1.7445604680486215,
    "ATP_mx_a0": 0.2082789745472756,
    "ADP_mx_a0": 1.1443189511420615,
    "Pimito_a0": 17.625288473162165,
    "ATP_i_a0": 1.29745793823728,
    "ADP_i_a0": 0.0443466995414318,
    "ATP_mi_a0": 1.1823280190768068,
    "ADP_mi_a0": 0.0436294958926607,
    "Pi_i_a0": 19.999931107524688,
    "MitoMembrPotent_a0": 155.39201516889315,
    "ATP_a0": 1.2971907639974427,
    "FUMmito_a0": 0.0500591772559637,
    "MALmito_a0": 0.2552499695609829,
    "OXAmito_a0": 0.0044682268709836,
    "SUCmito_a0": 0.5865999694835419,
    "SUCCOAmito_a0": 0.0016699868314113,
    "CoAmito_a0": 0.0025413688391748,
    "AKGmito_a0": 0.0151591579926322,
    "ISOCITmito_a0": 0.0360692382798456,
    "CITmito_a0": 0.358985824746709,
    "AcCoAmito_a0": 0.0042886443294129,
    "PYRmito_a0": 0.0129832531511687,
    "GLN_n0": 0.4001678075113439,
    "GLN_out0": 0.1999103267772767,
    "GLN_a0": 0.2497981926884056,
    "GLUT_a0": 0.2994675379035365,
    "Va0": -94.73739998434873,
    "Na_a0": 16.27886560396611,
    "K_a0": 100.79307843484172,
    "K_out0": 3.1104211426858464,
    "GLUT_syn0": 2.5e-5,
    "VNeu0": -68.00932293426199,
    "Na_n0": 8.473759755301563,
    "h0": 0.9811237297560303,
    "n0": 0.0346735745461176,
    "Ca_n0": 5.436689205733492e-5,
    "pgate0": 0.0355392388163259,
    "nBK_a0": 7.45614720951229e-6,
    "mGluRboundRatio_a0": 0.0,
    "IP3_a0": 1.1852340589842885e-6,
    "hIP3Ca_a0": 0.6531565346093099,
    "Ca_a0": 5.31000955574647e-5,
    "sTRP_a0": 0.0012469723667279,
    "vV0": 0.0237000024973173,
    "EET_a0": 3.143871670033718e-5,
    "ddHb0": 0.0585277029194496,
    "O2cap0": 7.105220869902977,
    "Glc_b0": 4.555436497117541,
    "Glc_t_t0": 1.4036921120261527,
    "Glc_ecsBA0": 1.302331013714969,
    "Glc_a0": 1.2215129412034005,
    "Glc_ecsAN0": 1.0034276408975709,
    "Glc_n0": 0.9117230433328604,
    "G6P_n0": 0.0451803110921908,
    "G6P_a0": 0.0614224256490154,
    "F6P_n0": 0.0073671881089935,
    "F6P_a0": 0.0101391530037056,
    "FBP_n0": 0.0094588621787074,
    "FBP_a0": 0.0299767447273059,
    "f26bp_a0": 0.0121698969225108,
    "GLY_a0": 13.99969995417289,
    "G1P_a0": 0.0128112803617315,
    "GAP_n0": 0.0012351454067088,
    "GAP_a0": 0.0022568560606488,
    "DHAP_n0": 0.0032208035336226,
    "DHAP_a0": 0.0037897580104066,
    "BPG13_n0": 0.0060805407271592,
    "BPG13_a0": 0.0080305626199569,
    "NADH_a0": 0.10927809092221,
    "PG3_n0": 0.0176506715347894,
    "PG3_a0": 0.0214636041341032,
    "PG2_n0": 0.0019612387455003,
    "PG2_a0": 0.0023600313501276,
    "PEP_n0": 0.0011299114036925,
    "PEP_a0": 0.0013498159787353,
    "Pyr_n0": 0.0988456289470794,
    "Pyr_a0": 0.0294824423032595,
    "Lac_b0": 0.6887631395085969,
    "Lac_ecs0": 0.6223377821910432,
    "Lac_a0": 0.6224222941358745,
    "Lac_n0": 0.62189156291357,
    "NADPH_n0": 0.0300300281880248,
    "NADPH_a0": 0.0300061794837243,
    "GL6P_n0": 2.7223858669789458e-6,
    "GL6P_a0": 3.019823774010181e-6,
    "GO6P_n0": 0.0026154588421574,
    "GO6P_a0": 0.0018252228026121,
    "RU5P_n0": 0.0005499402428921,
    "RU5P_a0": 0.0006682285740983,
    "R5P_n0": 1.564984868864245e-5,
    "R5P_a0": 2.6065883215538546e-5,
    "X5P_n0": 0.0168344242629796,
    "X5P_a0": 0.0204705104083548,
    "S7P_n0": 0.0198078394367428,
    "S7P_a0": 0.249543115567966,
    "E4P_n0": 0.0066329544563609,
    "E4P_a0": 0.0061388697486627,
    "GSH_n0": 1.200006238770546,
    "GSH_a0": 4.300000202932421,
    "GSSG_n0": 0.0119968806147281,
    "GSSG_a0": 0.0429998985338233,
    "PCr_n0": 4.98986852470732,
    "PCr_a0": 4.927691727614907,
    "cAMP_a0": 0.0391827032589541,
    "NE_neuromod0": 0.0,
    "GPa_a0": 0.0013314628973952,
    "GPb_a0": 0.0686685371026043
}

