{
"ATDPtot_a" : 1.3434724532826217,
"ATDPtot_n" : 1.4449961078157665,
"AmaxPscs_a" : 1.2,
"AmaxPscs_n" : 1.2,
"CIM" : 6.7568e-6,
"C_Glc_a" : 4.6,
"C_Lac_a" : 0.75,
"C_O_a" : 8.34,
"C_bHB_a" : 0.3,
"Ca3BK" : 0.0004,
"Ca4BK" : 0.00015,
"CaMinEET_a" : 5e-5,
"Ca_perivasc" : 5.0e-3,
"Cm" : 1e-03,
"Crtot" : 10.0,
"EBK" : -80.,
"ECa" : 120.0,
"EETshift" : 2000.0,
"Ee" : 0.0,
"F" : 9.64853e04,
"H_ast_EAAT" : 6e-05,
"H_syn_EAAT" : 4e-05,
"HbOP" : 8.6,
"INaKaKThr" : 20.,
"INaKaNaThr" : 30.,
"ImaxIP3_a" : 1.0,
"ImaxNaKa" : 1.45,
"KCaactIP3_a" : 0.00017,
"KD" : 30e-03,
"KGlutSyn" : 4.,
"KIATPhex_a" : 0.554,
"KIATPhex_n" : 0.554,
"KIIP3_a" : 1e-5,
"KO2b" : 0.0361,
"KUDPglucoUDPGP_a" : 0.05,
"K_AK" : 0,
"K_DD" : 0.000409766157053928,
"K_DD_a" : 0.000328048467890892,
"K_DT" : 0.00166023273526023,
"K_DT_a" : 0.00194323827864375,
"K_E4P_TAL_a" : 0.109681,
"K_E4P_TAL_n" : 0.109681,
"K_E4P_TKL2_a" : 0.109681,
"K_E4P_TKL2_n" : 0.109681,
"K_F6P_TAL_a" : 5.00000000000008E-05,
"K_F6P_TAL_n" : 0.00045967540870832,
"K_F6P_TKL2_a" : 1.99901443230202,
"K_F6P_TKL2_n" : 1.38310526172865,
"K_G6P_G6PDH_a" : 0.03,
"K_G6P_G6PDH_n" : 0.0109183101365999,
"K_GAP_TAL_a" : 1.99999999999998,
"K_GAP_TAL_n" : 1.434093758861,
"K_GAP_TKL1_a" : 0.049985901384741,
"K_GAP_TKL1_n" : 0.00499217405386077,
"K_GAP_TKL2_a" : 0.28731529730184,
"K_GAP_TKL2_n" : 0.123421366286679,
"K_GL6P_6PGL_a" : 0.0180932,
"K_GL6P_6PGL_n" : 0.0180932,
"K_GL6P_G6PDH_a" : 0.0180932,
"K_GL6P_G6PDH_n" : 0.0180932,
"K_GO6P_6PGDH_a" : 3.23421e-5,
"K_GO6P_6PGDH_n" : 3.23421e-05,
"K_GO6P_6PGL_a" : 2.28618,
"K_GO6P_6PGL_n" : 2.28618,
"K_NADPH_6PGDH_a" : 4.00000000000001E-05,
"K_NADPH_6PGDH_n" : 5.2529395568622E-05,
"K_NADPH_G6PDH_a" : 2E-05,
"K_NADPH_G6PDH_n" : 5.7841990084678E-05,
"K_NADP_6PGDH_a" : 0.200000007547866,
"K_NADP_6PGDH_n" : 0.0330619252781597,
"K_NADP_G6PDH_a" : 0.13,
"K_NADP_G6PDH_n" : 0.0835423944062894,
"K_R5P_RPI_a" : 0.778461,
"K_R5P_RPI_n" : 0.778461,
"K_R5P_TKL1_a" : 0.000585387,
"K_R5P_TKL1_n" : 0.000585387,
"K_RU5P_6PGDH_a" : 0.0537179,
"K_RU5P_6PGDH_n" : 0.0537179,
"K_RU5P_RPE_a" : 0.0537179,
"K_RU5P_RPE_n" : 0.0537179,
"K_RU5P_RPI_a" : 0.0537179,
"K_RU5P_RPI_n" : 0.0537179,
"K_S7P_TAL_a" : 0.192807,
"K_S7P_TAL_n" : 0.192807,
"K_S7P_TKL1_a" : 0.192807,
"K_S7P_TKL1_n" : 0.192807,
"K_X5P_RPE_a" : 0.603002,
"K_X5P_RPE_n" : 0.603002,
"K_X5P_TKL1_a" : 0.000173625,
"K_X5P_TKL1_n" : 0.000173625,
"K_X5P_TKL2_a" : 0.603002,
"K_X5P_TKL2_n" : 0.603002,
"K_i" : 120e-3,
"K_n_Rest" : 120.,
"K_oxphos_a" : 1.0,
"K_oxphos_n" : 1.0,
"KbLac" : 1.0,
"KdNEmod" : 3.0e-4,
"KeG" : 10.3,
"KeG2" : 12.5,
"KeG3" : 8.,
"KeG4" : 8.,
"KeG5" : 2.8,
"KeGSHSyn_a" : 5.6,
"KeGSHSyn_n" : 5.6,
"KeLDH_a" : 0.046994407267851,
"KeLDH_n" : 0.00329708625924639,
"Keq6PGDH_a" : 37.38848579759115,
"Keq6PGDH_n" : 23.4988291155184,
"Keq6PGL_a" : 961.0,
"Keq6PGL_n" : 961.0,
"KeqAAT_n" : 0.14,
"KeqAco_na" : 0.11,
"KeqCAAT_n" : 0.358,
"KeqCKgpms" : 0.034,
"KeqCKnpms" : 0.04265840286184623,
"KeqG6PDH_a" : 0.008,
"KeqG6PDH_n" : 0.00674385476573124,
"KeqGDH_a" : 1.5,
"KeqGLS_n" : 25.,
"KeqPGLM_a" : 4.9,
"KeqPYRCARB_a" : 1.0,
"KeqRPE_a" : 33.0,
"KeqRPE_n" : 34.9820646657167,
"KeqRPI_a" : 35.9999996723297,
"KeqRPI_n" : 0.587090549959032,
"KeqTAL_a" : 0.95,
"KeqTAL_n" : 3.0,
"KeqTKL1_a" : 9860.43282385396,
"KeqTKL1_n" : 9860.43282385396,
"KeqTKL2_a" : 0.142052917466236,
"KeqTKL2_n" : 0.142052917466236,
"Keqald_a" : 0.0005,
"Keqald_n" : 0.1,
"Keqenol_a" : 0.8,
"Keqenol_n" : 0.8,
"Keqfummito_na" : 6.0,
"Keqgapdh_na" : 0.2,
"Keqmdhmito_na" : 0.025,
"Keqpgk_na" : 2600.,
"Keqpgm_a" : 0.1814,
"Keqpgm_n" : 0.1814,
"Keqsuccoascs_na" : 3.8,
"Keqtpi_a" : 20.0,
"Keqtpi_n" : 20.0,
"Kg1pUDPGP" : 0.1,
"KiADPmito_KGDH_a" : 0.5046016363070087,
"KiADPmito_KGDH_n" : 0.6,
"KiAKG_AAT_n" : 1.9,
"KiAKG_CAAT_n" : 1.,
"KiAKG_GDH_a" : 0.25,
"KiASP_AAT_n" : 263.0,
"KiASP_CAAT_n" : 21.0,
"KiATPmito_KGDH_a" : 0.054580855381112,
"KiATPmito_KGDH_n" : 0.0108261270854904,
"KiCa2KGDH_a" : 1.2e-05,
"KiCa2KGDH_n" : 1.2e-05,
"KiCitMito_a" : 1.0,
"KiCitMito_n" : 1.0,
"KiCoA_a" : 0.02,
"KiCoA_n" : 0.02,
"KiGLUGLS_n" : 45.0,
"KiGLU_AAT_n" : 10.7,
"KiGLU_CAAT_n" : 10.7,
"KiGLU_GDH_a" : 3.5,
"KiHKG6P_a" : 0.0137,
"KiHKG6P_n" : 0.01021,
"KiNADHKGDHKGDH_na" : 0.0045,
"KiNADH_GDH_a" : 0.004,
"KiNADHmito_na" : 0.00475,
"KiNAD_GDH_a" : 1.0,
"KiNADmito_na" : 0.14,
"KiPFK_ATP_a" : 0.666155029035142,
"KiPFK_ATP_na" : 0.666155029035142,
"Ki_ATP_pk_a" : 1.76791009718649,
"Ki_ATP_pk_n" : 1.88029571803631,
"Ki_AcAcCoA_SCOT_n" : 0.033,
"Ki_CoA_thiolase_f_n" : 0.05,
"Ki_NADH_BHBD_r_n" : 0.39,
"Ki_NAD_B_HBD_f_n" : 0.45,
"Ki_SUC_SCOT_n" : 0.54,
"Ki_SucCoA_SCOT_n" : 2.4,
"Ki_SucCoA_kgdhKGDH_a" : 0.0039,
"Ki_SucCoA_kgdhKGDH_n" : 0.0039,
"Ki_f6p_f_26_pase_g" : 0.02,
"KicAMPAC_a" : 0.045,
"Km1KGDHKGDH_a" : 0.6287013099563603,
"Km1KGDHKGDH_n" : 0.8,
"KmACATP_a" : 0.8,
"KmAKG_AAT_n" : 1.3,
"KmAKG_CAAT_n" : 0.15,
"KmAKG_GDH_a" : 1.1,
"KmASP_AAT_n" : 0.5,
"KmASP_CAAT_n" : 6.7,
"KmAcCoAmito_a" : 0.0048,
"KmAcCoAmito_n" : 0.0048,
"KmBPG13Gapdh_a" : 0.0035,
"KmBPG13Gapdh_n" : 0.0035,
"KmCO2_PYRCARB_a" : 3.2,
"KmCitAco_a" : 0.48,
"KmCitAco_n" : 0.48,
"KmCoAmitoPDH_a" : 0.0047,
"KmCoAmitoPDH_n" : 0.007684422893475319,
"KmF26BP_PFK_a" : 0.0042,
"KmG1PPGLM_a" : 0.01,
"KmG6PPGLM_a" : 0.001,
"KmGLNGLS_n" : 12.0,
"KmGLNsynth_a" : 2.0,
"KmGLU_AAT_n" : 3.5,
"KmGLU_CAAT_n" : 5.0,
"KmGLU_GDH_a" : 3.5,
"KmGPXGSH_a" : 1.13224874593032,
"KmGPXGSH_n" : 0.571655480073944,
"KmGP_AMP_a" : 0.1,
"KmGSHsyn_a" : 0.03,
"KmGSHsyn_n" : 0.03,
"KmGSSGRGSSG_a" : 0.0652,
"KmGSSGRGSSG_n" : 0.0652,
"KmGSSGRNADPH_a" : 0.00852,
"KmGSSGRNADPH_n" : 0.00852,
"KmGapGapdh_a" : 0.101,
"KmGapGapdh_n" : 0.101,
"KmHK_a" : 0.05,
"KmHK_n" : 0.05,
"KmIsoCitAco_a" : 0.12,
"KmIsoCitAco_n" : 0.12,
"KmIsoCitIDHm_a" : 0.15,
"KmIsoCitIDHm_n" : 0.15,
"KmMCT1_bHB_a" : 6.03,
"KmMCT1_bHB_b" : 12.5,
"KmMCT2_bHB_n" : 1.2,
"KmMito" : 0.04,
"KmMito_a" : 0.02,
"KmNADH_GDH_a" : 0.04,
"KmNADg_jlv" : 162.04744400627905,
"KmNADkgdhKGDH_na" : 0.021,
"KmNADmitoPDH_na" : 0.036,
"KmNADmito_na" : 0.5033,
"KmNADn_jlv" : 2.023244602040409,
"KmOXA_AAT_n" : 0.1,
"KmOXA_CAAT_n" : 0.11,
"KmOxaMito_a" : 0.004,
"KmOxaMito_n" : 0.005,
"KmPFKF6P_a" : 0.035,
"KmPFKF6P_n" : 0.05170785,
"KmPYR_PYRCARB_a" : 0.05638211229110231,
"KmPump" : 0.5,
"KmPyrCytTr_a" : 0.15,
"KmPyrCytTr_n" : 0.15,
"KmPyrMitoPDH_a" : 0.068,
"KmPyrMitoPDH_n" : 0.068,
"KmPyrMitoTr_a" : 0.15,
"KmPyrMitoTr_n" : 0.15,
"KmSNAT_GLN_a" : 1.1,
"KmSNAT_GLN_n" : 1.1,
"Km_ADPmito_scs_a" : 0.25,
"Km_ADPmito_scs_n" : 0.25,
"Km_AcAcCoA_SCOT_n" : 0.19,
"Km_AcAcCoA_thiolase_f_n" : 0.021,
"Km_AcAc_BHBD_n" : 0.2,
"Km_AcAc_SCOT_n" : 0.25,
"Km_CoA_kgdhKGDH_a" : 0.005,
"Km_CoA_kgdhKGDH_n" : 0.005,
"Km_CoA_thiolase_f_n" : 0.056,
"Km_F6P_rPGI_a" : 0.095,
"Km_F6P_rPGI_n" : 0.095,
"Km_G6P_fPGI_a" : 0.593,
"Km_G6P_fPGI_n" : 0.593,
"Km_LacTr_n" : 0.74,
"Km_Lac_a" : 3.5,
"Km_NADH_BHBD_n" : 0.05,
"Km_NAD_B_HBD_n" : 0.2,
"Km_SUC_SCOT_n" : 23.0,
"Km_SucCoA_SCOT_n" : 4.2,
"Km_act_adpPFKII_g" : 0.0667721029996198,
"Km_adp_pk_a" : 0.510068084908044,
"Km_adp_pk_n" : 0.562062013433244,
"Km_akg_mkgc_n" : 0.1,
"Km_akgmito_mkgc_n" : 0.2,
"Km_asp_agc_n" : 0.05,
"Km_aspmito_agc_n" : 0.05,
"Km_atpmito_scs_a" : 0.0164177843454365,
"Km_atpmito_scs_n" : 0.0156620432157514,
"Km_betaHB_BHBD_n" : 0.45,
"Km_coa_scs_a" : 0.056,
"Km_coa_scs_n" : 0.056,
"Km_f26bp_f_26pase_g" : 0.07,
"Km_fummito_a" : 0.14,
"Km_fummito_n" : 0.15102517071248805,
"Km_glu_agc_n" : 5.6,
"Km_glumito_agc_n" : 2.8,
"Km_glutamylCys_GSHsyn_a" : 0.022,
"Km_glutamylCys_GSHsyn_n" : 0.022,
"Km_glycine_GSHsyn_a" : 0.3,
"Km_glycine_GSHsyn_n" : 0.3,
"Km_mal_mdh_a" : 0.4,
"Km_mal_mdh_n" : 0.4,
"Km_mal_mkgc_n" : 0.4,
"Km_malmito_a" : 0.3,
"Km_malmito_mkgc_n" : 0.71,
"Km_malmito_n" : 0.3,
"Km_nad_mdh_na" : 0.06,
"Km_nadh_mdh_na" : 0.044,
"Km_oxa_mdh_a" : 0.1,
"Km_oxa_mdh_n" : 0.1,
"Km_pep_enol_a" : 0.15,
"Km_pep_enol_n" : 0.15,
"Km_pep_pk_a" : 0.074,
"Km_pep_pk_n" : 0.074,
"Km_pi_scs_na" : 2.5,
"Km_succ_scs_a" : 1.6,
"Km_succ_scs_n" : 0.836589467070621,
"Km_succoa_scs_a" : 0.041,
"Km_succoa_scs_n" : 0.02852096394334664,